1,manager,Brannon,Truin,awycherley0@is.gd,1922-06-30
2,manager,Stephani,McKechnie,nhakonsson1@xinhuanet.com,2009-07-19
3,operator,Amelie,Mebes,jbleby2@indiegogo.com,1968-06-08
4,manager,Garrick,Saul,magutter3@example.com,1924-06-22
5,operator,Leighton,Keir,sstacey4@biblegateway.com,1970-01-29
6,manager,Linnell,Jillett,bedelston5@soup.io,2004-03-27
7,user,Kellsie,Durbin,hterrington6@ifeng.com,1986-11-19
8,operator,Grantley,Olivie,hmahaffey7@cbsnews.com,1996-03-07
9,manager,Woodman,Harroll,aemmitt8@tmall.com,1952-09-12
10,operator,Edward,Budding,mduddy9@un.org,1964-04-25
11,manager,Delbert,Klug,dfarneya@newyorker.com,1996-04-05
12,manager,Kristofor,Bichener,sdeeproseb@t.co,2009-01-21
13,manager,Ermengarde,Nasi,tmendesc@geocities.com,1998-02-28
14,manager,Braden,Lettsom,cpochind@theglobeandmail.com,1974-11-20
15,operator,Lilyan,Force,cloveredgee@ca.gov,1972-02-12
16,user,Binnie,Hearsey,dpoytressf@4shared.com,1926-10-09
17,operator,Marcellus,Siemon,cmcpakeg@rediff.com,1968-05-22
18,operator,Howie,Pellant,bmatzkeh@desdev.cn,1987-02-26
19,manager,Sibylle,Ingyon,rheathcoati@usa.gov,2001-11-23
20,operator,Ketti,Lendon,salsinaj@oracle.com,1919-06-15
21,user,Lynna,Kaasmann,mpauncefortk@europa.eu,1947-07-05
22,manager,Papagena,Verbeek,ctondeurl@patch.com,1981-12-15
23,operator,Tyler,Gormally,nmillem@nymag.com,1963-11-07
24,user,Dael,Thiese,xferian@wp.com,1943-03-30
25,manager,Adaline,La Croce,jkermanneso@engadget.com,2010-11-13
26,operator,Ronald,Cannaway,mpenhalep@qq.com,2016-01-28
27,user,Vanny,Kuhne,ascreasq@topsy.com,1949-02-11
28,user,Carlynne,Fulham,slarmanr@dailymail.co.uk,1970-08-24
29,operator,Wesley,Marshall,nfuchss@mapquest.com,1981-04-18
30,manager,Orel,Ramsdale,gyaknovt@twitpic.com,1924-10-26
31,operator,Hyacintha,Rex,adelicateu@nydailynews.com,1993-03-17
32,operator,Yardley,Found,mshakeshaftv@ustream.tv,1978-04-23
33,user,Aluin,Bonwell,dwincklesw@vinaora.com,1924-12-16
34,user,Lionello,Touret,bpollettx@answers.com,2006-03-14
35,user,Benjamin,Baxstar,vdockreayy@artisteer.com,1981-02-26
36,manager,Celina,Hurren,cdalesioz@facebook.com,1930-01-31
37,user,Demetri,Tie,derickson10@com.com,1938-01-12
38,user,Angeli,Southcombe,msirr11@cloudflare.com,2017-12-07
39,user,Cart,Toll,ndulinty12@lycos.com,1988-02-03
40,user,Ardelis,Bleything,fwilkenson13@geocities.com,1977-04-07
41,operator,Humberto,Henkens,mpolfer14@phoca.cz,2004-12-14
42,operator,Berte,Ogborne,apien15@delicious.com,2011-12-24
43,manager,Phyllis,Dalziell,lkermeen16@slate.com,1984-03-07
44,user,Carrie,Schnieder,kpenddreth17@163.com,1923-09-04
45,operator,Darsey,Buckerfield,ljoddens18@reference.com,1956-05-03
46,manager,Jon,Merriott,gpymer19@sphinn.com,1964-03-31
47,operator,Jesse,Flintiff,hcaress1a@indiatimes.com,1954-07-05
48,manager,Zed,Alman,rbree1b@i2i.jp,1946-08-16
49,manager,Saudra,MacNalley,agammidge1c@va.gov,1996-04-20
50,manager,Danika,Blachford,bboyles1d@businessinsider.com,1945-07-27
51,operator,Marje,Burhill,gbaudet1e@eepurl.com,1992-06-26
52,operator,Alyda,Bedin,wradin1f@apple.com,1929-04-15
53,user,Wenona,Zamora,lsouthall1g@baidu.com,1990-05-22
54,user,Berta,Lenton,tmoughton1h@hhs.gov,1934-12-14
55,manager,Rustin,Bozworth,jpenwarden1i@multiply.com,1947-02-16
56,operator,Daniela,Strathdee,mabramchik1j@360.cn,1941-10-12
57,user,Felisha,Antonias,ttiffany1k@bigcartel.com,1924-05-17
58,manager,Hamnet,Cusworth,edecayette1l@linkedin.com,1979-12-17
59,operator,Meggie,Thelwll,eenrdigo1m@toplist.cz,1949-06-26
60,user,Fionnula,Perrot,hcornall1n@simplemachines.org,1956-07-04
61,user,Pollyanna,Pudney,udarcey1o@surveymonkey.com,2001-03-28
62,operator,Hansiain,Drakard,ahrihorovich1p@tuttocitta.it,1974-08-04
63,operator,Helsa,Chatteris,kwingrove1q@jiathis.com,1968-03-16
64,manager,Shaylah,Nelthrop,glamke1r@sbwire.com,2002-03-09
65,operator,Drona,Lidgard,anisco1s@deliciousdays.com,2018-08-24
66,operator,Coop,Larvor,mmackeever1t@imdb.com,1953-05-14
67,operator,Giulia,Stukings,rpennyman1u@opera.com,2003-09-13
68,operator,Egan,Neles,rdellenbroker1v@phoca.cz,1937-02-27
69,operator,Nicola,Reynolds,jmillins1w@ihg.com,1948-02-05
70,user,Tabina,Woodroof,cvanhove1x@toplist.cz,1979-07-08
71,operator,Benton,Ponsford,tjosh1y@tinyurl.com,1969-01-21
72,user,Patin,Haighton,gyetman1z@ocn.ne.jp,1947-02-05
73,manager,Courtnay,De Ruggero,rnazair20@fc2.com,1947-09-04
74,user,Rita,Ropking,llefriec21@google.co.uk,1928-02-12
75,user,Sylvester,Silvester,rdeath22@go.com,2015-07-29
76,manager,Lowrance,Chappelle,lwordsworth23@tiny.cc,2015-06-16
77,operator,Baird,Briggdale,dhirsch24@nps.gov,1957-02-09
78,manager,Torrey,Eads,wpaffett25@naver.com,2009-12-23
79,manager,Alix,Autin,ebutterwick26@exblog.jp,1929-10-03
80,user,Eba,Willmer,xtapley27@dion.ne.jp,1961-04-03
81,user,Randie,Klossek,mkiossel28@merriam-webster.com,1925-04-23
82,user,Josy,Elstob,ngurdon29@dell.com,2016-06-17
83,manager,Shane,Sockell,fgronaver2a@ca.gov,2011-10-01
84,user,Laverna,Lipp,mhallibone2b@phoca.cz,1984-12-22
85,manager,Janelle,Scowen,arenne2c@behance.net,1974-01-06
86,operator,Daryle,Fincher,jwichard2d@slideshare.net,1976-10-14
87,operator,Lena,Jesteco,lcubbinelli2e@typepad.com,1929-02-06
88,manager,Lawry,Teresia,oprime2f@tumblr.com,1973-01-29
89,operator,Culver,Ferreres,ttopper2g@goo.gl,2005-03-16
90,manager,Phillis,Maulden,cbicheno2h@delicious.com,1920-01-24
91,user,Lorie,Clouter,bduggon2i@latimes.com,1966-12-08
92,operator,Ulrikaumeko,Law,bdurie2j@techcrunch.com,1991-10-15
93,operator,Modestine,Dellenty,rschoffel2k@desdev.cn,1934-06-01
94,user,Myron,Duffus,dcaghan2l@goo.ne.jp,1996-04-18
95,manager,Charlton,Wager,cjakeman2m@ft.com,1969-07-05
96,manager,Chilton,Macconaghy,rblampied2n@cbslocal.com,1942-02-18
97,user,Pet,Zupone,jkop2o@cdbaby.com,1930-05-12
98,user,Arabella,Falconer,abendley2p@washington.edu,1981-12-18
99,operator,Dorian,Joreau,abaird2q@who.int,1957-05-09
100,operator,Vinny,Goggan,fginni2r@guardian.co.uk,1986-11-03
101,operator,Darryl,Reddish,aluciani2s@github.io,1994-10-11
102,operator,Clarita,Teissier,rbourget2t@edublogs.org,1920-09-08
103,user,Leigh,Hessel,wclewlow2u@feedburner.com,1962-01-01
104,operator,Egan,Walcher,lhalwood2v@soup.io,1985-04-19
105,manager,Whittaker,Woodhall,ssuett2w@adobe.com,1944-03-13
106,manager,Aubert,Blincowe,cgrob2x@nature.com,1921-05-29
107,user,Sybyl,Cripin,cvalti2y@un.org,1954-11-14
108,operator,Claudina,Tart,hgoldsmith2z@drupal.org,2005-02-13
109,user,Randie,Wilsher,cberrane30@purevolume.com,2018-11-01
110,operator,Meryl,McCord,uprescot31@vk.com,2015-07-16
111,operator,Pattie,Gillitt,traffles32@zdnet.com,2002-03-04
112,manager,Elsbeth,Heggadon,cthoresby33@nsw.gov.au,1997-07-26
113,operator,Gabrila,Samms,rnares34@loc.gov,1957-01-25
114,manager,Hendrika,Young,jcraine35@blogspot.com,1934-05-19
115,manager,Towney,Searle,upropper36@shareasale.com,1991-06-01
116,manager,Marcelia,McCerery,esilvermann37@myspace.com,1946-11-02
117,manager,Maryl,Moynham,hmathet38@cbsnews.com,1978-06-10
118,manager,Orelia,Hadfield,aaronin39@flickr.com,1933-06-20
119,manager,Don,Bernt,rtearny3a@geocities.com,2014-12-07
120,user,Frasco,Loding,aneill3b@free.fr,2011-10-25
121,operator,Bibbye,Andriolli,clairdcraig3c@xinhuanet.com,1949-12-23
122,operator,Fair,Fareweather,abanes3d@gizmodo.com,1978-12-02
123,operator,Abbye,Tonepohl,astummeyer3e@cam.ac.uk,1993-06-07
124,operator,Gillian,Lutwyche,ehabbert3f@soup.io,1980-11-26
125,user,Beulah,Northfield,lcrevy3g@go.com,2013-09-01
126,operator,Inessa,Pesek,sblakelock3h@cdc.gov,1923-04-14
127,manager,Abbye,Penburton,rsillwood3i@livejournal.com,2011-08-22
128,user,Debbie,Takos,jdaugherty3j@cbsnews.com,1922-05-16
129,user,Shae,Castano,dkitlee3k@springer.com,1998-08-24
130,operator,Garvey,Rushsorth,bohederscoll3l@amazon.co.jp,1998-11-27
131,operator,Rivkah,Deneve,iosanne3m@stanford.edu,1951-10-12
132,manager,Luz,Bramer,hoscully3n@digg.com,1951-01-04
133,user,Reggi,Jordan,jjeanet3o@geocities.jp,1945-07-06
134,operator,Shaun,Seine,rcapstack3p@prlog.org,1923-10-07
135,user,Hasty,Paget,mscothorn3q@paginegialle.it,1954-03-05
136,user,Ashien,Jacobsohn,kimeson3r@vimeo.com,1964-06-07
137,operator,Artemis,Fannin,gfice3s@acquirethisname.com,1942-05-07
138,operator,Konstance,Millward,kgerasch3t@google.ca,1986-01-20
139,manager,Reggis,McAw,jbinley3u@vistaprint.com,1998-12-13
140,operator,Lindsay,Lammerding,agorner3v@soup.io,2008-12-21
141,operator,Kelila,Coche,lhebner3w@theatlantic.com,1963-11-27
142,user,Sibilla,Vellden,swayman3x@loc.gov,2000-05-30
143,user,Pamella,Sinnocke,lfearnside3y@soundcloud.com,1953-07-11
144,operator,Cyril,Legerwood,sfabbri3z@nifty.com,1960-06-17
145,manager,Gene,Leteurtre,cchatel40@ca.gov,2016-03-18
146,manager,Charleen,Picheford,lbrydson41@fotki.com,1931-09-22
147,user,Rickert,Vondruska,hccomini42@eepurl.com,1980-10-08
148,manager,Kinny,Crummie,kfidian43@sina.com.cn,1960-12-22
149,operator,Nixie,Pollastrone,rcattanach44@plala.or.jp,1932-05-05
150,user,Ber,Gable,rohagirtie45@go.com,1986-06-03
151,user,Hillie,Frantzeni,pbillyard46@wisc.edu,2003-02-27
152,manager,Nicola,Tungate,rmeryett47@businesswire.com,1924-07-09
153,operator,Em,Tarbet,mcoope48@ocn.ne.jp,1933-12-20
154,operator,Geoff,Seville,gtosspell49@google.ru,1948-09-13
155,manager,Mallory,Yaneev,zhawthorne4a@webs.com,1921-12-18
156,user,Codie,McCrystal,qbariball4b@ovh.net,1929-09-20
157,operator,Mick,Stanbra,mpackwood4c@ca.gov,1971-10-18
158,manager,Abe,Yitzhok,clatey4d@ft.com,2014-06-07
159,user,Ludovico,Gallimore,cdudek4e@kickstarter.com,2015-07-08
160,operator,Dorita,Lujan,kkeemer4f@loc.gov,2012-06-18
161,operator,Lenna,Andreini,nburndred4g@cmu.edu,1981-10-15
162,user,Kirsten,Muncer,kerangey4h@cnbc.com,1987-03-09
163,operator,Ynes,Grave,mbruyet4i@tinypic.com,1919-05-25
164,user,Morly,Hynes,tchieco4j@nbcnews.com,1962-06-04
165,operator,Filberto,Schaffel,gnorcott4k@g.co,1944-03-26
166,user,Krishna,Eaddy,gtezure4l@hostgator.com,1919-06-16
167,user,Luther,Snaddon,bthorndale4m@amazon.co.jp,2004-12-13
168,user,Morrie,Brasseur,rarkill4n@unc.edu,1985-03-12
169,operator,Stephi,Moorman,ysaphin4o@wunderground.com,1982-09-02
170,manager,Mata,Waumsley,slewknor4p@businesswire.com,1984-01-26
171,user,Orsola,Browell,cdantuoni4q@sohu.com,1937-04-25
172,user,Fae,Loisi,ajedrysik4r@reuters.com,1931-11-24
173,user,Wesley,Varndall,bcolthard4s@smh.com.au,2016-01-19
174,manager,Sidnee,Remmer,cstanner4t@hhs.gov,1927-05-04
175,user,Niels,Delacote,rdavenell4u@yellowbook.com,2003-06-16
176,operator,Germain,Matusevich,jgowling4v@addtoany.com,1949-06-09
177,user,Trixy,Sherston,gsutterby4w@ezinearticles.com,1991-04-20
178,user,Zabrina,Westfalen,hattridge4x@yelp.com,1973-08-16
179,operator,Julianna,Bode,cshearn4y@jiathis.com,1981-12-26
180,user,Andra,Pymm,malldred4z@about.com,1983-01-16
181,user,Eric,Gehrts,kmitten50@earthlink.net,1932-11-08
182,operator,Ahmed,Cryer,thuckster51@hexun.com,2018-06-17
183,user,Norina,Burnep,jbrooke52@posterous.com,2015-08-25
184,operator,Annis,Gossage,lelloy53@google.co.uk,2003-02-15
185,user,Candida,Martini,ahambelton54@unesco.org,1958-11-26
186,manager,Esmaria,Bordiss,athor55@taobao.com,1956-02-08
187,operator,Nev,Mendoza,remberton56@mediafire.com,1980-12-16
188,user,Leslie,Culp,hyushankin57@yandex.ru,2017-02-11
189,user,Emilia,Naden,pthoresbie58@microsoft.com,1925-12-26
190,user,Isadora,Willerton,mbrute59@omniture.com,2016-12-02
191,manager,Gustavus,Ballaam,gdady5a@skyrock.com,1991-02-02
192,user,Haskell,Hernik,aderry5b@deliciousdays.com,1984-06-22
193,user,Camala,Schreurs,gshapter5c@purevolume.com,2012-10-30
194,operator,Chev,Matonin,mgery5d@miitbeian.gov.cn,1992-03-09
195,manager,Michel,Plampeyn,rgadney5e@vk.com,1971-11-15
196,manager,Jean,Bernot,ulegrand5f@guardian.co.uk,2006-08-29
197,operator,Rheba,Richten,dkerfut5g@google.fr,1945-09-09
198,user,Chiarra,Shrubshall,cwrankmore5h@java.com,1963-08-23
199,user,Imelda,Bend,wantic5i@amazon.com,1944-07-12
200,manager,Sky,Marte,cpopplestone5j@rambler.ru,1920-12-22
201,user,Petronia,Puleque,bblincowe5k@webmd.com,1926-08-04
202,manager,Shandee,Kirwood,apritchett5l@imageshack.us,1969-10-20
203,operator,Ingeborg,Ilieve,ecapewell5m@seesaa.net,1953-12-28
204,operator,Michelle,Ingleson,dspinks5n@usda.gov,2018-01-04
205,manager,Adrienne,Rickerby,eeasman5o@time.com,2000-09-03
206,manager,Violet,Danbrook,acovotto5p@freewebs.com,2004-09-29
207,user,Robby,Dumbelton,mloomis5q@epa.gov,1974-09-22
208,user,Salvador,Bakeup,ksivil5r@nydailynews.com,2000-01-05
209,manager,Hermine,Bockh,kchue5s@reuters.com,2003-01-16
210,user,Lorie,Maxstead,lfindon5t@spiegel.de,2001-10-04
211,user,Emilie,Northover,oadderson5u@bloomberg.com,1999-06-28
212,manager,Lenora,Thomasset,mcarlick5v@sfgate.com,1959-07-23
213,manager,Micky,Leuren,rnardrup5w@spotify.com,1970-04-12
214,user,Pascal,Hallex,ccinnamond5x@archive.org,1956-08-29
215,user,Culver,Petyanin,cmelior5y@about.com,1958-08-26
216,operator,Ramsey,Houlden,jdowglass5z@facebook.com,1972-01-02
217,operator,Gussy,Perrot,mposton60@nydailynews.com,1950-01-03
218,operator,Ainsley,Botterell,aclashe61@blogtalkradio.com,2000-01-12
219,user,Fabio,Klimas,rborgnet62@utexas.edu,2003-12-11
220,operator,Melosa,Cramp,rmonro63@prnewswire.com,1929-12-05
221,user,Paige,Larvor,ebrilon64@ftc.gov,1930-08-17
222,manager,Antonia,Layne,stwigger65@about.com,1992-10-11
223,user,Anny,Moss,dbellham66@cnbc.com,1953-11-21
224,manager,Wilone,Jerdon,eansill67@constantcontact.com,1962-04-03
225,manager,Malina,Yashin,gcutbirth68@barnesandnoble.com,1971-09-18
226,user,Gael,Palumbo,gstert69@flavors.me,1991-09-07
227,manager,Ailene,Farnall,ezellick6a@theguardian.com,1987-10-04
228,manager,Hetty,Petrillo,hwhilde6b@bizjournals.com,1922-05-18
229,user,Brok,Chesher,gcouroy6c@posterous.com,1994-06-29
230,operator,Alon,McHardy,cbogies6d@4shared.com,2010-05-12
231,manager,Mommy,Kemer,aaxtens6e@dedecms.com,1960-12-29
232,manager,Maureen,Oakwood,rflann6f@nyu.edu,1974-03-20
233,user,Ado,Carrane,gyea6g@cloudflare.com,1946-06-26
234,operator,Bo,Keates,bheineken6h@princeton.edu,1923-04-20
235,user,Fee,McNeilley,bbodiam6i@engadget.com,1941-07-01
236,operator,Stacee,Caldera,qvanhesteren6j@woothemes.com,2012-12-09
237,user,Burk,O'Deoran,zcords6k@nymag.com,1960-01-11
238,manager,Ajay,Robberecht,mleap6l@yellowbook.com,1975-09-11
239,user,Lavinie,Hauger,cfireman6m@skype.com,1965-05-24
240,operator,Johann,O'Dowgaine,hgiacovetti6n@printfriendly.com,1946-07-05
241,user,Jaine,Emmert,oharrismith6o@paginegialle.it,1973-10-03
242,operator,Bald,Weaben,mgrigor6p@house.gov,2014-12-22
243,operator,Dulcy,Frewer,btoten6q@gov.uk,1977-03-01
244,manager,Auguste,Tesdale,bheadech6r@pbs.org,1998-08-17
245,user,Kalinda,Scandwright,tseden6s@auda.org.au,1951-07-01
246,operator,Ernestus,Farress,dgretton6t@si.edu,1991-01-19
247,operator,Jeannette,Fray,bfrushard6u@cpanel.net,1932-09-23
248,operator,Lyndy,Bulford,omoncreiffe6v@vk.com,2005-05-25
249,operator,Jerrie,Soot,sdiamond6w@topsy.com,1923-05-10
250,user,Donnamarie,Branney,cgrier6x@chron.com,1973-08-23
251,manager,Lawry,Clausen,mgockelen6y@shinystat.com,1928-01-04
252,manager,Whittaker,Wanklyn,cpearmine6z@spotify.com,1968-07-11
253,manager,Dominique,Spire,pdaft70@woothemes.com,1948-10-08
254,manager,Stefano,McGeachey,lchippin71@symantec.com,1972-03-01
255,manager,Franciskus,Docksey,bfice72@ovh.net,1945-12-14
256,operator,Marietta,Campes,vbuss73@tripadvisor.com,1964-11-15
257,user,Philip,Parton,amckerrow74@mayoclinic.com,1979-01-03
258,manager,Dehlia,Scotland,crunnicles75@photobucket.com,1990-04-12
259,user,Perkin,Derle,ajori76@paginegialle.it,1962-09-16
260,manager,Buddie,Benedetti,fowthwaite77@bloglovin.com,1989-01-29
261,user,Juliane,Harrowell,bduhig78@netvibes.com,1954-09-07
262,manager,Mandi,Manginot,emclaughlin79@dell.com,1937-04-03
263,manager,Elga,Prestige,owethered7a@engadget.com,2009-05-10
264,user,Marlie,Youd,rgascoine7b@loc.gov,1965-09-24
265,manager,Anna-diane,Anetts,dfooks7c@reference.com,1945-04-27
266,operator,Ania,Burth,asahlstrom7d@cnbc.com,1935-11-19
267,user,Jaine,Alonso,ssegges7e@dell.com,2002-03-21
268,operator,Roley,Balma,sburtonshaw7f@over-blog.com,1949-12-10
269,operator,Keslie,Hatchard,gdregan7g@nature.com,2008-04-01
270,operator,Liliane,Gavrielly,wbouldstridge7h@shareasale.com,2006-06-11
271,operator,Yolanda,Irvin,glegging7i@w3.org,2010-10-15
272,operator,Myrtia,Rushmare,cnettleship7j@yandex.ru,2001-07-14
273,user,Ira,Elstow,krothschild7k@g.co,1973-10-28
274,user,Kanya,Fragino,jshipway7l@rambler.ru,1947-07-19
275,operator,Elnore,Niblock,jguidetti7m@nhs.uk,1985-04-17
276,operator,Phoebe,Alpin,rpessler7n@etsy.com,2013-07-28
277,operator,Aindrea,Willerstone,mtruse7o@plala.or.jp,1944-02-19
278,user,Althea,Baszniak,rpanas7p@cam.ac.uk,1982-05-31
279,user,Jess,Frantsev,bgrafhom7q@bluehost.com,1968-04-05
280,operator,Thomasin,Cribbins,tmccready7r@liveinternet.ru,1993-01-24
281,user,Lane,Weaving,llake7s@youtu.be,1994-06-12
282,user,Dore,Humbee,tburkill7t@digg.com,1964-11-21
283,manager,Christoper,Lockier,nsorsby7u@hhs.gov,1973-01-06
284,operator,Veriee,Alcido,juc7v@washingtonpost.com,1996-06-16
285,manager,Thatcher,Gibbins,gswatheridge7w@cpanel.net,1935-08-22
286,operator,Fleur,O'Keevan,lpellamonuten7x@discovery.com,1926-02-05
287,operator,Iggy,Glanton,hborne7y@xing.com,1989-07-09
288,manager,Merci,Garrat,rsworder7z@tiny.cc,2002-03-04
289,user,Jami,Barratt,dargo80@php.net,2006-01-20
290,manager,Demeter,Willmot,twilber81@disqus.com,2013-04-02
291,manager,Muffin,Ivell,tpeinke82@illinois.edu,2014-07-22
292,user,Keenan,Hundley,hysson83@yahoo.co.jp,1985-01-28
293,manager,Koressa,Currom,csimakov84@army.mil,1999-05-12
294,operator,Joyan,Glison,twetton85@amazon.co.jp,2002-10-26
295,user,Tildie,Willerson,gventuroli86@theatlantic.com,1960-05-11
296,manager,Timothy,Sopper,atours87@nationalgeographic.com,2002-01-16
297,operator,Pyotr,Westhofer,estewartson88@list-manage.com,1983-05-04
298,manager,Wren,Habert,dbeddon89@discovery.com,2010-10-13
299,manager,Rich,Kubczak,bbow8a@netlog.com,1993-07-04
300,manager,Marcela,Ludmann,pgrinley8b@msu.edu,1977-11-17
301,manager,Dell,Cusick,amackney8c@freewebs.com,2017-11-12
302,manager,Elset,Godart,hellerington8d@cnet.com,1921-09-09
303,manager,Cleavland,Mercey,ltattersill8e@ed.gov,1953-10-26
304,operator,Bennie,Eglinton,clau8f@opera.com,1946-09-27
305,manager,Tallulah,Shovelbottom,igristhwaite8g@dagondesign.com,1983-06-24
306,user,Faber,Croom,fmcnellis8h@facebook.com,2002-11-18
307,operator,Frances,Esselen,zsyncke8i@php.net,1924-11-19
308,manager,Oswell,Rydeard,gchark8j@webmd.com,1949-05-30
309,user,Yanaton,Orth,mandreasson8k@marketwatch.com,1977-09-08
310,manager,Nicolea,MacNeice,mpiniur8l@last.fm,1965-08-18
311,manager,Banky,Bernardeschi,aleversha8m@sogou.com,2010-07-01
312,user,Marlo,Deave,edavydychev8n@ft.com,2010-07-10
313,user,Letitia,Radage,sburchess8o@bigcartel.com,1998-12-13
314,manager,Ibby,Pentony,geverley8p@chronoengine.com,1978-08-12
315,operator,Dyna,Burdge,lhawkyens8q@theatlantic.com,1933-07-27
316,manager,Yalonda,Mattin,abenyan8r@huffingtonpost.com,1986-06-27
317,operator,Cally,Mayman,bvankin8s@wsj.com,1983-09-06
318,user,Olag,Le Count,cmaes8t@ted.com,1993-03-28
319,manager,Galina,Crewther,pkuhwald8u@aboutads.info,1944-11-16
320,user,Odey,Ridges,malenshev8v@patch.com,1941-04-21
321,operator,Rustin,Banaszkiewicz,astack8w@aol.com,1958-12-17
322,user,Karee,Ridgway,hcreedland8x@upenn.edu,1995-01-23
323,operator,Gordon,Pitrelli,gcyphus8y@plala.or.jp,1927-12-19
324,user,Beaufort,Joliffe,gbatter8z@pcworld.com,1941-03-14
325,operator,Eloisa,John,cbeaconsall90@nydailynews.com,1965-08-19
326,operator,Sam,Frissell,gdeclerk91@redcross.org,1933-05-30
327,user,Bearnard,Binestead,aweedall92@slideshare.net,1984-07-29
328,manager,Lanie,Merigot,akertess93@utexas.edu,2001-06-02
329,manager,Ardelis,Forrington,cnockalls94@dyndns.org,2015-02-07
330,manager,Nariko,Doughartie,jlissett95@google.cn,2014-08-12
331,operator,Ileane,Cornner,lscotson96@tripadvisor.com,2000-11-16
332,manager,Maury,Dimnage,vpostill97@netscape.com,1958-02-22
333,user,Nev,Iannetti,pdargavel98@boston.com,1994-11-11
334,user,Kimble,Georgeon,gseiffert99@ca.gov,1983-01-28
335,operator,Gilberto,Bradbrook,ptesh9a@constantcontact.com,1964-01-31
336,operator,Roxie,Braxton,toppery9b@ovh.net,2014-02-22
337,operator,Lisabeth,Lemoir,ssavin9c@instagram.com,1937-06-10
338,user,Virgina,Hartles,jkasher9d@hatena.ne.jp,1980-08-07
339,user,Perri,Stanex,rkidsley9e@pbs.org,1920-07-15
340,user,Shandra,Whittier,llynds9f@amazon.de,1938-06-01
341,manager,Krispin,McBrearty,rjerzak9g@digg.com,1979-12-08
342,user,Alice,Tayler,jortmann9h@phoca.cz,1932-09-27
343,user,Reg,Kimbley,mhedin9i@senate.gov,1992-02-11
344,operator,Kimmi,Milton,tmilligan9j@berkeley.edu,1957-05-25
345,manager,Edin,Reede,hchaffen9k@studiopress.com,1978-06-10
346,manager,Dale,Bleasby,qstabbins9l@issuu.com,1966-07-15
347,manager,Thatcher,Lambdon,jhenric9m@ox.ac.uk,1944-02-11
348,user,Piggy,Landor,rvisick9n@army.mil,1981-03-29
349,manager,Walton,Bunney,mcossum9o@elpais.com,1939-01-15
350,manager,Drake,Nel,bbierton9p@latimes.com,1987-10-11
351,manager,Raquela,O'Flaherty,afeldklein9q@hibu.com,1987-06-27
352,manager,Phylis,Yeardsley,eshew9r@pcworld.com,1937-05-09
353,user,Pollyanna,Petto,bpixton9s@nyu.edu,1939-01-04
354,manager,Krystalle,Campanelli,jmaso9t@nhs.uk,2012-01-11
355,manager,Judie,Gadaud,bdafydd9u@marriott.com,1960-12-07
356,operator,Krishna,McChruiter,mradnage9v@vkontakte.ru,1972-02-28
357,user,Vicki,Chappell,tanten9w@nps.gov,1953-06-24
358,operator,Noble,Davisson,dmethley9x@auda.org.au,2011-03-04
359,operator,Josey,Bleby,cmaclaine9y@stanford.edu,1990-02-22
360,user,Sanderson,Antonio,tattlee9z@exblog.jp,1982-05-01
361,manager,Hillery,Edards,rarnholza0@google.de,1987-11-27
362,operator,Verney,Locks,dlavertya1@statcounter.com,1922-10-03
363,user,Saxe,Nezey,lragsdalla2@w3.org,2015-02-15
364,operator,Trenton,Scarlett,woaklya3@fc2.com,1989-07-17
365,manager,Marielle,Ullett,kwaisa4@springer.com,2014-09-22
366,user,Delila,Proby,bshewerya5@edublogs.org,1979-07-30
367,manager,Kristine,Lewisham,mhorrella6@ucla.edu,1939-11-10
368,operator,Bink,Manjin,cstonea7@elegantthemes.com,1962-07-23
369,manager,Guenna,Proger,dpedlinghama8@surveymonkey.com,1920-04-25
370,operator,Zedekiah,Schild,wwolteringa9@mozilla.com,1973-03-16
371,manager,Jill,Clemenson,tkeggaa@loc.gov,1999-02-28
372,user,Marlin,Frarey,cserginsonab@boston.com,1945-07-21
373,operator,Lucian,Cunnah,lstredderac@people.com.cn,1996-02-04
374,user,Gaynor,Le Barr,dnorquayad@fastcompany.com,1954-11-25
375,operator,Colleen,Astling,famiesae@usa.gov,2012-12-22
376,user,Doll,De Mattei,lmeeseaf@51.la,1948-04-30
377,operator,Chiquia,Smye,bmoretag@epa.gov,1921-01-15
378,manager,Terry,Rapin,jplewesah@behance.net,1972-02-05
379,operator,Melinda,Balharrie,sbalconai@reuters.com,1957-04-17
380,user,Kinnie,Crocken,dgayleraj@forbes.com,1983-04-22
381,operator,Welsh,Simonard,danthoniesak@telegraph.co.uk,1974-06-24
382,operator,Morse,Hazael,rchinneryal@rakuten.co.jp,1969-09-24
383,user,Byrom,Vigne,apaiceam@tumblr.com,1984-06-10
384,operator,Raphael,Grimbleby,dverchambrean@wisc.edu,2011-10-29
385,manager,Domini,Venables,yrasmusao@un.org,1966-10-10
386,manager,Arel,Riddeough,irichardesap@constantcontact.com,1970-01-29
387,manager,Christy,Ruit,dbanaszewskiaq@discovery.com,1924-02-03
388,user,Junia,Corrison,mmurthwaitear@zimbio.com,1954-11-25
389,user,Albina,Heistermann,atohillas@cbsnews.com,1992-12-27
390,manager,Ania,Barrott,dthirtleat@themeforest.net,1955-07-12
391,manager,Becki,Attle,ewhitearau@liveinternet.ru,1928-09-22
392,operator,Darryl,Massen,ckauschkeav@japanpost.jp,1931-12-12
393,user,Jodi,Tomet,kribchesteraw@zimbio.com,1964-11-18
394,operator,Marena,Kullmann,mkinforthax@businesswire.com,1967-02-07
395,manager,Dani,Kingescot,vventamay@redcross.org,1988-09-11
396,user,Thor,Burger,kdominguezaz@mail.ru,1991-11-15
397,user,Sly,Titford,jgodboldb0@ihg.com,1998-08-05
398,user,Mariya,Dyne,cshipwayb1@oaic.gov.au,1936-10-19
399,manager,Humberto,Guswell,wlangeb2@gizmodo.com,1921-06-10
400,manager,Isadora,Barme,cchristescub3@vistaprint.com,1981-10-13
401,operator,Teodorico,De Ambrosis,tbretonb4@nasa.gov,1938-08-03
402,manager,Kevina,Bedborough,mballochb5@umich.edu,1991-01-12
403,operator,Sarena,Woolatt,mburchettb6@patch.com,1941-07-10
404,operator,Camella,McElvogue,mfraynb7@behance.net,1925-01-12
405,operator,Laurice,Batchan,bdorosariob8@economist.com,1956-11-14
406,user,Brnaba,Grindall,cosmarb9@about.me,1966-10-22
407,manager,Anett,Minocchi,mmonroeba@ucsd.edu,2010-01-15
408,operator,Hurley,Wherrett,dgebbiebb@stanford.edu,1924-05-14
409,manager,Barde,Copello,pcorneybc@1und1.de,2016-03-10
410,user,Saw,Shapter,ehugbd@imgur.com,2003-02-28
411,operator,Floyd,Karsh,cbridywaterbe@multiply.com,1941-10-26
412,operator,Harmony,Coslitt,ledwickerbf@dot.gov,2018-03-27
413,operator,Vanna,Schaffel,saldwincklebg@google.ru,1990-02-09
414,manager,Lesley,Snasdell,wspornerbh@jalbum.net,1951-01-21
415,user,Marian,Arkcoll,dcowinsbi@ning.com,1946-03-11
416,operator,Jessamine,Mattes,avandrillbj@fc2.com,2005-07-04
417,user,Maritsa,Craker,tbranchflowerbk@amazon.co.uk,1961-05-25
418,manager,Craggy,Ericssen,mlanneybl@dailymotion.com,1927-07-23
419,manager,Ealasaid,McLean,obaptistbm@google.cn,1923-02-19
420,user,Vonny,Bonds,iyannbn@diigo.com,1974-11-14
421,user,Teresita,Dooland,gconiberebo@issuu.com,1969-01-01
422,user,Donella,Tredger,cbennisbp@nymag.com,1928-11-28
423,user,Betty,Giacomuzzo,bdederichbq@themeforest.net,1921-11-23
424,operator,Dulsea,Luxford,hkipplingbr@mediafire.com,1990-11-11
425,user,Ambrose,Durnill,fstiversbs@discovery.com,1997-05-17
426,operator,Caz,Feary,lcaultonbt@networkadvertising.org,1961-02-15
427,operator,Timothee,Creaser,pquernelbu@spiegel.de,1921-06-10
428,operator,Janie,Fruchter,mmalthusbv@adobe.com,1960-06-09
429,manager,Franciskus,Corney,lpersehousebw@hatena.ne.jp,1941-05-24
430,user,Worthy,Dodds,asabathebx@networkadvertising.org,1955-02-15
431,operator,Stefa,Parradice,dthurmanby@npr.org,2013-09-21
432,operator,Kendre,Bragger,pbreachbz@networksolutions.com,2002-03-28
433,manager,Hilde,Crafter,spauleitc0@hc360.com,1968-04-25
434,user,Ferrel,Binks,mdimicc1@patch.com,1975-07-04
435,user,Edeline,Keeney,dnetherwoodc2@mtv.com,2013-08-14
436,manager,Nolana,MacKenzie,wwaplesc3@google.co.jp,1956-05-13
437,manager,Ophelia,Tindall,fblenkhornc4@delicious.com,2005-10-27
438,operator,Yettie,Schimann,cdoucettec5@cargocollective.com,1958-01-06
439,user,Illa,Mackelworth,psurrc6@multiply.com,1920-12-09
440,user,Rachelle,Abramamovh,sesleyc7@boston.com,1987-01-28
441,manager,Aviva,Sibborn,kwoodleyc8@multiply.com,1925-10-01
442,operator,Evelin,Antonias,tdowderswellc9@facebook.com,2009-02-26
443,user,Emalia,Nana,sdessaurca@moonfruit.com,1957-10-22
444,manager,Ronny,McMenamy,lhallgarthcb@studiopress.com,1922-04-03
445,manager,Arnoldo,Goby,wbrellincc@jigsy.com,1947-07-23
446,manager,Vidovic,Riddlesden,mgoldthorpcd@deviantart.com,1926-05-28
447,manager,Mehetabel,Esherwood,mcarnece@mayoclinic.com,1950-11-15
448,user,Nina,Sowden,kwoodersoncf@joomla.org,2015-08-26
449,user,Reece,Marchi,gpearnecg@bandcamp.com,1976-03-04
450,operator,Hamish,Schulz,ckendalch@state.gov,2015-05-21
451,user,Jerrie,Jackes,lmcgarrahanci@icq.com,1921-11-22
452,user,Gregor,Enticott,foneillcj@imageshack.us,1979-10-27
453,manager,Mirelle,Gaitung,elinsteadck@miibeian.gov.cn,1960-02-10
454,manager,Gayelord,Leddie,tmeffencl@fda.gov,2016-01-22
455,manager,Dewey,Turmel,rmarousekcm@zdnet.com,1945-12-05
456,manager,Dotti,McKay,aindruchcn@google.de,1942-09-11
457,user,Janka,Overell,etolussico@netvibes.com,2016-08-18
458,user,Aldric,Normanton,enicecp@prlog.org,1975-04-09
459,operator,Ulysses,Russo,alonghornecq@seesaa.net,1923-01-13
460,user,Minda,Cranage,mclarkecr@bbc.co.uk,1919-03-28
461,manager,Henderson,Garfirth,ccookcs@wufoo.com,1938-05-28
462,operator,Shelden,Yepiskopov,qdanshinct@51.la,1957-09-16
463,operator,Manuel,Christoffe,kuppettcu@about.me,1943-05-31
464,user,Florida,Pawelke,abeevenscv@zimbio.com,2017-04-22
465,manager,Myrtia,Ivachyov,amccurtaincw@a8.net,1938-01-18
466,user,Preston,Weich,ddifilippocx@utexas.edu,1996-11-27
467,user,Olympie,Detoile,cjosskowitzcy@squarespace.com,1980-06-04
468,manager,Ethelbert,Rabidge,awillsheecz@gizmodo.com,2016-10-02
469,manager,Milicent,Denington,jtrevainsd0@bbb.org,1936-10-20
470,manager,Chris,Boundy,dohannend1@github.com,1942-10-31
471,manager,Derick,Croxon,egottd2@wsj.com,1951-12-31
472,manager,Gustave,Skace,lwetheredd3@smugmug.com,2000-11-10
473,user,Andriana,Gauvin,omancktelowd4@jiathis.com,1941-07-07
474,manager,Barth,McNevin,gbevilled5@printfriendly.com,1990-01-19
475,user,Jean,Rown,apellerd6@businessweek.com,1976-10-09
476,user,Lance,Gallie,mbendtsend7@toplist.cz,1922-07-11
477,operator,Kalinda,Sammut,dmacilhenchd8@reverbnation.com,2014-07-28
478,operator,Hugibert,Cumes,ppyfordd9@altervista.org,1952-09-28
479,operator,Monte,Rosa,kcallarda@thetimes.co.uk,1988-03-09
480,manager,Karlan,O'Fihily,abiskupskidb@amazon.com,1923-11-19
481,user,Sloane,Binks,ckinmonddc@aol.com,2006-11-03
482,manager,Elane,Petkovic,jdemangeondd@1688.com,1968-07-19
483,manager,Dyanna,Highnam,jdagonde@flavors.me,1958-12-23
484,manager,Janenna,Gammett,rrawkesbydf@dion.ne.jp,1952-04-29
485,operator,Tedda,Trayes,laspydg@timesonline.co.uk,1968-01-23
486,user,Bernete,Sweetmore,ipollicottdh@blogger.com,2015-08-22
487,manager,Corrianne,Tubby,pstiggersdi@nih.gov,2017-03-09
488,operator,Phyllis,Petruk,dglanvilledj@flickr.com,1947-06-07
489,manager,Waiter,Andrivel,tdodk@dedecms.com,1946-03-20
490,manager,Maryanna,Pickles,mcombedl@redcross.org,2012-06-18
491,manager,Moyna,Bus,lmurbydm@newsvine.com,1990-02-01
492,manager,Vinnie,Moakes,jduplantierdn@hostgator.com,1946-02-07
493,user,Woodman,Bastie,dluchettido@apache.org,1952-08-20
494,manager,Jojo,Shellum,dpellingdp@weebly.com,1926-07-26
495,operator,Elke,Jerzykiewicz,dbreartydq@wp.com,1954-09-01
496,user,Winnie,Buy,lclashdr@amazonaws.com,1995-05-26
497,manager,Kelli,Olding,hhauckds@vistaprint.com,1936-02-13
498,manager,Ardyth,Yersin,edeegandt@cloudflare.com,1941-05-24
499,operator,Ginny,Le Marquand,dgyurkodu@foxnews.com,1953-11-22
500,manager,Carin,Joselovitch,lhecknerdv@webs.com,1983-03-29
501,user,Ruby,McKane,cbeadhamdw@huffingtonpost.com,1990-05-05
502,manager,Burch,Wilman,mmcgraildx@zimbio.com,1987-08-03
503,operator,Marcellina,O'Neill,clondsdaledy@goo.gl,1964-10-22
504,operator,Yale,Maccaddie,chuddydz@addtoany.com,1997-09-23
505,manager,Johny,Castillou,azorzuttie0@bing.com,1935-03-18
506,manager,Chance,McQuaide,fmeakine1@cdc.gov,1925-12-21
507,operator,Harriette,Marusik,oanslowe2@360.cn,1961-12-01
508,user,Kipp,Veldens,ddehne3@newsvine.com,2017-06-30
509,manager,Jennilee,Harnwell,tcrawshaye4@illinois.edu,2011-02-22
510,user,Brucie,Muehler,wattridgee5@php.net,2005-08-03
511,manager,Janelle,Passmore,bgalliarde6@businessinsider.com,1942-08-28
512,operator,Darrelle,Baguley,awaise7@amazon.co.jp,2006-03-19
513,operator,Sonnie,Meak,afarraghere8@discovery.com,1965-10-26
514,manager,Clim,Dumbar,ndenziloee9@omniture.com,1993-08-23
515,operator,Palm,Joysey,esaggsea@google.co.uk,1949-07-24
516,user,Ingunna,Bourdon,reusteseb@ted.com,1985-09-06
517,manager,Jacqueline,Poinsett,ldionsettiec@goo.gl,1931-12-31
518,user,Sascha,Santry,bshoppeeed@mlb.com,1962-07-24
519,operator,Cairistiona,Carette,wchudleighee@last.fm,1920-09-18
520,user,My,Batecok,yvasiliuef@plala.or.jp,1925-05-22
521,manager,Whitby,Altoft,yhobberteg@buzzfeed.com,1978-07-17
522,user,Yovonnda,FitzGilbert,vfrayseh@npr.org,1977-05-30
523,operator,Amalea,Darton,rmilesei@ed.gov,1934-11-26
524,user,Faun,Cassar,emordantiej@cmu.edu,1991-08-28
525,user,Gabriello,Forsdicke,bprangleek@businessinsider.com,1955-03-22
526,manager,Philip,Grahl,wlovartel@cyberchimps.com,1947-07-23
527,operator,Barnie,Gilbertson,climpertzem@arstechnica.com,2003-09-15
528,operator,Maurice,Elmes,ccaldicoten@google.co.uk,1987-11-20
529,user,Benjamen,Martina,yferroeo@goodreads.com,1978-05-13
530,manager,Luce,Seath,bphilipep@dailymail.co.uk,1944-09-04
531,operator,Liz,Hansman,bradsdaleeq@vimeo.com,1952-08-24
532,operator,Brittne,Mc Ilory,dwhatsizeer@bloglovin.com,2009-11-08
533,manager,Gregg,Lemmen,msteinsones@wikimedia.org,1965-11-17
534,manager,Korey,Edgeler,nbaldricket@howstuffworks.com,1954-09-10
535,manager,Anne-corinne,Matanin,nciottoeu@boston.com,1923-04-27
536,manager,Basilio,Taveriner,dkilbournev@go.com,1984-10-28
537,operator,Petronille,Lilie,gbraneew@blogger.com,1973-07-25
538,operator,Katey,Label,jfishwickex@ask.com,1996-12-13
539,user,Valli,O'Nolan,aphilippardey@sphinn.com,1932-09-28
540,manager,Byram,Adamiak,mcasserlyez@about.com,1988-05-22
541,operator,Odelle,Cheshir,mdrysdallf0@ucoz.ru,1925-11-11
542,manager,Mason,Statersfield,ldumbellf1@economist.com,2013-10-21
543,manager,Brita,Hattam,dcordetf2@ftc.gov,2017-11-19
544,operator,Granthem,Brazel,mchantreef3@umich.edu,1947-11-25
545,manager,Michaelina,Burd,ifarakerf4@marriott.com,1931-09-04
546,operator,Shayne,Branche,sstelljesf5@artisteer.com,1952-06-01
547,user,Phillis,Walasik,apoynzerf6@bandcamp.com,1978-06-24
548,manager,Brianna,Barttrum,fcarberyf7@google.pl,1968-02-07
549,operator,Stephana,Benneyworth,gchiommientif8@yellowbook.com,1920-06-22
550,manager,Jilleen,Ferron,agrimstonf9@intel.com,1920-06-07
551,operator,Allister,Dowles,gdickingsfa@hostgator.com,1928-03-07
552,operator,Pall,Arro,rsuartfb@mit.edu,1991-08-29
553,operator,Pooh,Collingdon,htrasefc@php.net,1993-06-22
554,manager,Rubin,Elleray,mfonteynefd@mozilla.org,1926-09-10
555,manager,Brod,Fealy,sspottiswoodefe@elegantthemes.com,2011-07-08
556,manager,Cosetta,Coping,atinglyff@blogtalkradio.com,1922-09-03
557,manager,Loni,Denington,vmatuszakfg@amazon.com,1996-03-19
558,operator,Farra,Ebbrell,ablackbroughfh@un.org,1959-12-30
559,manager,Raeann,Laker,slivingstonefi@google.pl,1967-02-01
560,user,Karlotta,Pates,rglasspoolefj@printfriendly.com,1979-12-31
561,manager,Osgood,Dullingham,wsimonsenfk@mapy.cz,1998-12-23
562,operator,Jaquelyn,Grenshields,mhallfl@dailymotion.com,1975-08-10
563,user,Melodie,Revie,jbeadesfm@furl.net,1979-06-09
564,manager,Ulric,Wellington,rmathevetfn@360.cn,1984-06-04
565,operator,Aaron,Reynoollds,ymccloughenfo@vinaora.com,1955-09-12
566,user,Karon,Walkley,abartholomieufp@baidu.com,1945-09-08
567,user,Jacinta,Helgass,kgoakesfq@w3.org,1926-07-29
568,user,Tanya,Freeland,dtamblingfr@phpbb.com,1953-09-04
569,user,Rolph,Pieracci,kplaidefs@dmoz.org,2005-04-08
570,operator,Brew,Norcliffe,lgerramft@usnews.com,1950-06-11
571,operator,Lauri,Gorbell,daleksahkinfu@hibu.com,2002-03-28
572,operator,Kesley,Foxcroft,amassinghamfv@51.la,1996-12-19
573,user,Malvin,Gregoraci,tshakeladefw@blogspot.com,1944-12-24
574,manager,Waneta,Gisbey,fbracegirdlefx@ezinearticles.com,2017-04-14
575,manager,Kit,Andreasson,madnamfy@networkadvertising.org,1928-02-08
576,manager,Stacy,Guiducci,twacklyfz@spiegel.de,1999-10-05
577,manager,Kaleena,Onthank,mdurnfordg0@hao123.com,2011-02-23
578,operator,Abigail,Treherne,zkynochg1@bbb.org,1948-01-23
579,operator,Annalise,Elintune,adaborneg2@ow.ly,1920-07-26
580,user,Pablo,Knevit,pborgheseg3@themeforest.net,1996-02-25
581,user,Fey,Lancley,cperviewg4@infoseek.co.jp,2012-12-23
582,manager,Tressa,Dreamer,mlimeburnerg5@hud.gov,1938-03-22
583,manager,Merridie,Escoffrey,achesserg6@cpanel.net,1993-03-24
584,manager,Bertha,Hughes,jpobjayg7@alexa.com,1939-04-10
585,user,Oliy,Saenz,pdippleg8@amazon.co.jp,1962-12-30
586,manager,Bertine,Swannell,fglendiningg9@newsvine.com,1951-04-26
587,user,Roshelle,Tolland,ncapnorga@nps.gov,2012-05-27
588,operator,Chryste,Leversuch,cskippingsgb@i2i.jp,1947-06-07
589,user,Berkie,Hallin,ayellandgc@forbes.com,1944-03-18
590,operator,Horst,Scherme,rmatignongd@friendfeed.com,2012-11-08
591,manager,Evelyn,Delong,mflowerge@ucoz.com,1931-02-02
592,operator,Laurens,Cohani,zswantongf@uiuc.edu,2010-06-28
593,operator,Beatrice,Waghorne,naloshkingg@dyndns.org,1931-07-14
594,manager,Helaina,Nana,sgledstanegh@indiegogo.com,2018-10-17
595,operator,Ingaborg,Grassett,fkubacekgi@theguardian.com,1970-11-10
596,manager,Teador,Kiln,srobynsgj@fc2.com,1919-02-08
597,operator,Davie,Kubala,sgleesongk@eepurl.com,2013-10-27
598,manager,Gillian,Bibb,ghagwoodgl@wsj.com,1946-03-12
599,user,Lusa,Harrap,badshedegm@alibaba.com,1977-06-26
600,user,Jeannette,Dahlberg,hellerygn@wired.com,1924-12-16
601,user,Maudie,Hedau,tboalergo@sourceforge.net,2008-04-01
602,operator,Thorsten,Milmo,ekonertzgp@posterous.com,1956-02-26
603,user,Doroteya,Pfaffel,ttibaltgq@msn.com,2011-11-04
604,user,Artie,Glanz,tfredagr@sina.com.cn,1938-07-22
605,operator,Hansiain,Lowrie,vbampforthgs@illinois.edu,1999-06-24
606,user,Cyb,Danielot,ktaffeegt@drupal.org,2005-03-30
607,user,Rochella,Molden,rgeanygu@shutterfly.com,2007-03-14
608,manager,Marten,Fidgett,jstandbridgegv@independent.co.uk,1931-05-08
609,user,Ambur,Witherdon,bmacdermandgw@sakura.ne.jp,2016-11-26
610,user,Hanna,Anstead,kpierrogx@slate.com,1972-01-05
611,manager,Franny,Kemwall,knorreygy@goo.ne.jp,1951-11-07
612,operator,Caralie,Fosher,tcoulthartgz@e-recht24.de,1952-01-22
613,user,Gilbertina,Glasscott,dmcnyscheh0@spotify.com,2012-07-08
614,operator,Andonis,Dack,lcatmullh1@4shared.com,1965-04-02
615,user,Yehudi,Perrat,rcrocettih2@umn.edu,1985-11-02
616,operator,Shea,Born,byurevichh3@4shared.com,1983-01-30
617,manager,Jana,Cafferky,pgoslingh4@ca.gov,1975-06-23
618,manager,Clint,Freeborne,ehartmanh5@uol.com.br,1972-06-04
619,manager,Katha,Batistelli,cfearh6@google.com.br,1929-01-19
620,manager,Nesta,Regenhardt,ymeadenh7@ucoz.ru,2014-10-25
621,operator,Nollie,Maffezzoli,istockyh8@timesonline.co.uk,1959-12-07
622,operator,Tallulah,Blackney,cfewlassh9@theguardian.com,2011-12-05
623,manager,Nickolai,Ray,scounsellha@liveinternet.ru,1923-01-19
624,manager,Carny,Elcoux,aharwinhb@buzzfeed.com,1951-08-08
625,manager,Ned,Helder,amealehc@discovery.com,2009-01-31
626,user,Binny,Brearty,cramshawhd@uol.com.br,1953-02-16
627,manager,Farlay,Wylam,dwhitemanhe@oakley.com,1954-05-12
628,operator,Matthus,Lochrie,lgrimmolbyhf@oakley.com,1976-05-11
629,operator,Gwenora,Strafford,bogdenhg@tripod.com,1948-04-12
630,user,Josephine,Wolsey,lmoricanhh@wunderground.com,1933-08-07
631,operator,Antonetta,Worvill,mconnachanhi@youku.com,1939-06-22
632,manager,Fania,Burrel,rollarenshawhj@mozilla.org,1952-02-22
633,user,Melisenda,Ferbrache,abrumhamhk@dailymail.co.uk,1935-12-31
634,operator,Lawrence,Cristofanini,mfilanhl@hubpages.com,1952-08-28
635,operator,Gannon,Fingleton,rgoodhm@usda.gov,1948-01-27
636,manager,Andromache,Biddles,bwhifenhn@sciencedaily.com,1944-09-05
637,operator,Yvonne,Sell,wkernesho@newsvine.com,2006-08-04
638,user,Trstram,McCreedy,dpetrichathp@economist.com,1987-02-18
639,user,Sibilla,Dingwall,agorehq@hao123.com,1940-03-17
640,operator,Kelcie,Woodhouse,sgreganhr@yale.edu,1943-01-29
641,manager,Jackson,Kornilov,eyurikovhs@cbslocal.com,1948-09-19
642,manager,Vita,Spurway,bchmarnyht@hc360.com,1927-10-04
643,manager,Rickie,Ilyinski,schillistonehu@ovh.net,1979-08-12
644,operator,Evy,Lyal,ddanishv@de.vu,1921-12-18
645,operator,Lucila,Kinder,fsorsbiehw@exblog.jp,1977-09-25
646,operator,Ciro,Spratt,krosewellhx@google.ru,2007-08-23
647,user,Kim,Whatson,cdudeniehy@altervista.org,2003-02-18
648,operator,Aretha,Pawlowicz,jdorneyhz@yelp.com,1970-10-21
649,operator,Seana,Darkin,jfladgatei0@mediafire.com,1987-09-14
650,manager,Calhoun,Taylour,fburroughesi1@live.com,1939-11-06
651,manager,Myrle,Rainsden,awranklingi2@hostgator.com,1925-10-10
652,manager,Renato,Daborn,bschleswigholsteini3@zimbio.com,2014-01-19
653,manager,Lila,Urlich,etilliardi4@ucoz.ru,1987-02-21
654,operator,Nichol,Casburn,emanskei5@icq.com,1966-12-24
655,manager,Leo,Easterbrook,lisetoni6@yahoo.com,1932-05-01
656,user,Oralee,Gluyus,rmartusovi7@bizjournals.com,1975-06-11
657,manager,Elinor,Storrs,pgoni8@sourceforge.net,2004-05-01
658,operator,Olva,Cheak,cmccurtaini9@163.com,1976-08-30
659,operator,Stepha,Linne,nverneria@youtu.be,1990-11-12
660,user,Deva,Byrne,ksamweyesib@eventbrite.com,2014-04-19
661,manager,Karon,Casterou,rwibrewic@de.vu,1954-11-28
662,operator,Corrianne,Snary,jrussonid@shutterfly.com,2004-11-21
663,manager,Ceciley,Mugridge,weinchcombeie@gmpg.org,1929-08-30
664,user,Staford,Beals,sfortescueif@uiuc.edu,1922-10-12
665,manager,Dani,Duhig,vmibourneig@hugedomains.com,1999-03-28
666,user,Sari,Belchamber,rbeardsih@vimeo.com,1931-03-17
667,operator,Kaia,Gietz,dblacklyii@blog.com,1957-09-20
668,manager,Marja,Thirkettle,sroncaij@aol.com,1928-04-03
669,operator,Obadiah,Cubitt,chedinghamik@blog.com,1931-11-03
670,manager,Jeffie,Nornable,jmattosoffil@salon.com,1970-05-01
671,operator,Rosaline,Yukhtin,cgianulliim@shop-pro.jp,1971-06-07
672,operator,Vanny,Anger,pfarrierin@jimdo.com,1963-10-04
673,operator,Gardiner,Flear,iolenovio@fda.gov,1997-06-27
674,operator,Murielle,Castles,dcantillionip@clickbank.net,1992-10-04
675,manager,Madelaine,Sheers,tglowackiiq@whitehouse.gov,1994-02-05
676,user,Farr,Yeomans,jpoletir@delicious.com,1921-01-02
677,operator,Ivar,Thomsson,tsleefordis@constantcontact.com,1975-08-23
678,operator,Winonah,Leahair,gbumpasit@google.ru,1988-04-02
679,user,Ardine,Collimore,phehiriu@weather.com,1921-07-08
680,operator,Oralla,Deverale,apashleyiv@tinypic.com,1984-07-30
681,user,Eleanor,Guppie,cdanburyiw@berkeley.edu,2004-05-04
682,manager,Joyan,Hansana,mstroderix@ow.ly,1985-08-13
683,manager,Marie-ann,Behrens,jrallingiy@vk.com,1959-05-19
684,user,Donelle,Huntress,rjopeiz@ucoz.ru,2003-01-06
685,user,Murdoch,de Keyser,swhannelj0@e-recht24.de,1972-11-27
686,operator,Shana,McGhie,rscothornj1@ftc.gov,1967-08-24
687,user,Trumann,Taffrey,nmarcombej2@shutterfly.com,1982-03-19
688,manager,Ingram,Whiteman,lgisbeyj3@cdc.gov,1929-08-29
689,manager,May,Full,eslaneyj4@xing.com,2012-01-22
690,operator,Evangelia,Le Monnier,asorrellj5@oracle.com,2004-07-21
691,user,Deane,Shemilt,gvassanoj6@privacy.gov.au,1993-09-27
692,user,Anna-maria,Pawlyn,pplaxtonj7@psu.edu,2013-10-03
693,manager,Benedicta,Hungerford,ssunshinej8@typepad.com,1992-09-26
694,manager,Milzie,Nickell,ddaillyj9@usgs.gov,2017-08-15
695,manager,Jorry,Beaston,mweltonja@answers.com,1983-04-21
696,manager,Gretel,Boggis,awankeljb@pinterest.com,1925-10-18
697,manager,Marcellus,Hasselby,lcoultassjc@github.io,1960-07-15
698,user,Rana,Verbeek,jfrilljd@sakura.ne.jp,1983-08-07
699,user,Zara,Freeman,sburnhamje@networksolutions.com,1977-01-15
700,user,Gina,Le Pruvost,wscanesjf@paypal.com,2016-04-04
701,user,Jerry,Leighfield,agonoudejg@wp.com,2018-02-26
702,operator,Maximilian,Durrant,jhorrelljh@apache.org,1938-11-11
703,operator,Antonella,Grigorey,gmeesonji@illinois.edu,2009-02-09
704,manager,Ban,Dyer,bosgordbyjj@jiathis.com,1947-12-21
705,user,Nickolai,Ellacott,lgermonjk@wsj.com,1936-01-12
706,user,Peder,Nettles,adalzieljl@angelfire.com,1998-10-15
707,user,Casey,Everson,stwiggerjm@miitbeian.gov.cn,2001-05-03
708,operator,Yves,Grunguer,ljamrowiczjn@angelfire.com,1941-07-14
709,operator,Fiona,Gardner,afarnjo@arizona.edu,2012-03-30
710,user,Chancey,O'Cannon,kseftonjp@twitter.com,1999-07-19
711,manager,Jefferson,Glas,mmacgillejq@naver.com,2009-02-13
712,operator,Ariel,Bomb,srolfjr@chronoengine.com,2014-05-20
713,user,Cathrin,Shurrock,vreviejs@quantcast.com,1921-07-18
714,user,Nolana,Lamcken,dstrugnelljt@jimdo.com,1952-03-16
715,manager,Berrie,Godly,gdenslowju@sciencedirect.com,1981-05-26
716,manager,Corilla,Siemianowicz,rbithanyjv@cam.ac.uk,1941-09-17
717,operator,Brewer,Shead,dnarramorjw@apple.com,1921-06-18
718,user,Vivyan,Dendle,smaciaszczykjx@nsw.gov.au,1939-07-17
719,manager,Maryjo,Magner,kpurvisjy@yale.edu,1995-06-19
720,manager,Bryanty,Dicks,hbanglejz@aol.com,1974-07-06
721,user,Brody,Kightly,jfinlank0@vk.com,2005-03-21
722,operator,Kerry,Kidd,pkeyworthk1@aol.com,1990-04-22
723,operator,Heinrik,Hudghton,lhendersonk2@mac.com,1997-08-25
724,manager,Mandy,Ludford,dgrzeskowskik3@reference.com,1959-12-05
725,operator,Rafaello,Driscoll,bgregorattik4@guardian.co.uk,1989-09-29
726,operator,Meir,Gaskell,clemingk5@de.vu,1983-04-03
727,operator,Martyn,Gatiss,xramptonk6@shareasale.com,1955-09-23
728,operator,Adler,Bourdas,rimpeyk7@last.fm,2007-05-12
729,manager,Nelly,Kimbley,ktomczykiewiczk8@goodreads.com,2006-09-22
730,operator,Lenee,Coard,lthysk9@pinterest.com,1947-04-10
731,user,Irvine,Hazael,glesmondeka@behance.net,1952-10-12
732,operator,Sayers,Endle,jwillwoodkb@discovery.com,1993-10-21
733,manager,Dinnie,Tristram,rcultchethkc@npr.org,1931-12-20
734,user,Mikaela,Risbrough,msiveyerkd@deliciousdays.com,1951-07-26
735,manager,Louella,Blincoe,lbuckyke@techcrunch.com,2006-08-06
736,operator,Savina,Oles,aleipnikkf@eepurl.com,2012-10-27
737,operator,Hilde,Brendel,fgrigoirekg@baidu.com,1984-11-23
738,operator,Dorise,Nathon,skrysztowczykkh@gravatar.com,1928-02-06
739,manager,Erika,Orgill,mbeszantki@timesonline.co.uk,1941-01-07
740,operator,Venus,Brookzie,bpohlkekj@home.pl,1957-09-29
741,manager,Kimberley,De Castri,kjovasevickk@edublogs.org,1956-01-17
742,user,Claudianus,Lincoln,acoggleskl@theglobeandmail.com,1991-06-23
743,manager,Klemens,Barfford,ebutlerkm@hhs.gov,1993-09-11
744,user,Tine,Ivantyev,jfrontczakkn@shop-pro.jp,2003-11-06
745,manager,Eward,Thirkettle,slasseyko@webnode.com,1955-05-29
746,user,Warren,Comport,jscudamorekp@netvibes.com,2017-09-30
747,manager,Aimee,Jakeman,ygiovannaccikq@shutterfly.com,1943-05-05
748,user,Frederik,Cosin,schitsonkr@mlb.com,1950-05-07
749,user,Sutton,Moreinis,gchinnickks@geocities.com,1942-05-04
750,manager,Edan,Mathey,dharmourkt@dailymail.co.uk,1988-12-11
751,manager,Tore,Riggulsford,chakeworthku@xing.com,1995-01-03
752,user,Pammi,Dumberell,awellkv@hhs.gov,1946-02-27
753,manager,Hercule,Lieber,tblackbroughkw@pen.io,1989-10-22
754,operator,Audie,Wycliffe,mmillsonkx@apache.org,2014-06-26
755,manager,Laurella,Dosdale,pchaffky@mlb.com,1956-01-27
756,user,Birgit,Popelay,lmcgibbonkz@creativecommons.org,2005-04-04
757,user,Bertram,Dyble,tvaliantl0@twitpic.com,1984-07-01
758,manager,Halie,Arminger,reichl1@adobe.com,1988-12-27
759,user,Annie,Pauletto,mruddoml2@dmoz.org,1924-08-22
760,manager,Phaidra,Barczynski,shebbornl3@businessweek.com,1974-04-05
761,user,Rubetta,Risman,abriskeyl4@nyu.edu,2000-01-13
762,user,Renado,Tunnock,mgreenwoodl5@lulu.com,2018-07-09
763,operator,Giraldo,Mackin,fkirsopl6@fema.gov,1990-05-16
764,operator,Kaylil,Gazzard,bfeldl7@admin.ch,1991-12-19
765,manager,Crawford,Eskell,krathbornel8@psu.edu,1984-05-18
766,user,Henri,O'Fallowne,yjoutapaviciusl9@nasa.gov,2011-11-15
767,manager,Linzy,Ribbens,gebanksla@friendfeed.com,1989-04-04
768,user,Stephen,Mulloch,iespadalb@prlog.org,1985-11-30
769,user,Ruthi,Rishman,smcdonoughlc@boston.com,1982-11-22
770,operator,Blancha,Parsley,rchatfieldld@washingtonpost.com,1934-02-10
771,operator,Brenden,Okell,bmeijerle@usa.gov,2000-07-06
772,manager,Cahra,Steptow,lbrittlf@nbcnews.com,1933-08-29
773,user,Bart,Lukovic,akimblylg@vimeo.com,1944-07-18
774,user,Zebulon,Kelmere,btreadwaylh@gizmodo.com,1944-01-14
775,user,Ransell,Brighouse,enesbittli@yelp.com,1973-12-28
776,user,Riobard,Northeast,ujeacockelj@tiny.cc,1969-11-18
777,operator,Berne,Joysey,asantoslk@ox.ac.uk,2015-05-19
778,operator,Dunstan,Blanque,mconenll@prlog.org,1965-04-18
779,manager,Sanderson,McGooch,ewroughtonlm@dropbox.com,1936-05-19
780,user,Ludvig,Donke,jjaqueminetln@seesaa.net,1960-08-17
781,manager,Cecily,Hintze,wbiddlestonlo@ezinearticles.com,2006-09-02
782,operator,Bertine,Kuller,lbloyslp@hud.gov,2013-09-06
783,user,Melosa,Berrey,lkillguslq@toplist.cz,2000-05-26
784,operator,Virgie,Ruggieri,hurelr@bloglines.com,1938-07-19
785,operator,Colly,Entwisle,wgraverls@prweb.com,1945-12-12
786,manager,Harriot,Belhome,vbrackenlt@timesonline.co.uk,2008-12-25
787,user,Doloritas,Keilloh,scossonlu@indiatimes.com,1962-11-25
788,manager,Helen-elizabeth,Pettican,csaintepaullv@meetup.com,2001-08-31
789,manager,Cornie,Jedrasik,mmacdearmidlw@bloglovin.com,1949-09-21
790,user,Lilla,Hause,massinderlx@jugem.jp,1955-02-05
791,manager,Dee,Synan,fduddenly@blogger.com,2011-03-13
792,operator,Skipper,Seabridge,mhowellslz@dion.ne.jp,1985-09-06
793,manager,Honey,Bowhay,gchaslesm0@who.int,1961-06-08
794,operator,Brennan,MacKenney,bverryanm1@myspace.com,1943-07-04
795,user,Milena,Limer,shacksbym2@cafepress.com,2004-03-11
796,user,Stuart,Child,dbrumbyem3@uol.com.br,1962-05-21
797,operator,Dori,Stalley,fayrem4@marketwatch.com,1990-03-20
798,operator,Lyn,Middlemiss,tmcgillm5@smh.com.au,1964-05-31
799,operator,Natty,Palombi,revequotm6@wordpress.com,2018-10-04
800,operator,Westbrook,Kildale,bsambathm7@feedburner.com,1943-08-07
801,user,Stephan,Ellerey,sjacopm8@admin.ch,2009-11-28
802,user,Arlena,Shoulder,ksolomonm9@epa.gov,1928-02-02
803,user,Myron,Harman,cesposima@xinhuanet.com,2013-08-08
804,operator,Lyndsie,Lighten,ionionmb@blog.com,1983-01-05
805,manager,Josy,Trevino,ophizakarleymc@nhs.uk,2003-03-26
806,user,Teriann,Marguerite,dfinnmd@va.gov,1953-11-23
807,user,Forester,Cansdale,rgrogonome@technorati.com,1936-03-18
808,manager,Mirabella,Polglaze,rkelseymf@answers.com,1997-09-13
809,user,Sylvia,Cisco,bdumphriesmg@clickbank.net,2005-12-24
810,user,Aubert,Balshen,zmouncemh@shop-pro.jp,1960-07-14
811,manager,Niels,Rimour,sstaniermi@sogou.com,1957-05-16
812,manager,Donelle,Crottagh,mlabrenzmj@marketwatch.com,1940-09-08
813,user,Carolynn,Caulwell,mschlagmanmk@hhs.gov,1947-06-15
814,operator,Bette,Playfair,bmeachml@angelfire.com,1971-03-16
815,user,Theo,Yakushkin,vscampmm@abc.net.au,1926-02-10
816,operator,Alon,Kop,flisamoremn@cnbc.com,1944-11-15
817,user,Monti,Hinstock,rsheeresmo@histats.com,1929-06-24
818,operator,Nerty,Bracco,akeetchmp@businesswire.com,1961-12-15
819,manager,Gilberte,Todarello,ibenyanmq@fotki.com,1987-04-17
820,user,Hobie,Scatchard,nczyzmr@google.com,1970-09-19
821,user,Emmott,Goldstone,gdownms@msu.edu,2018-10-29
822,user,Falito,McGinly,tfratczakmt@studiopress.com,1943-09-11
823,user,Vaclav,Celle,dmorecombmu@drupal.org,2010-01-02
824,manager,Dedie,Deavin,csnewinmv@a8.net,1991-11-28
825,user,Eleni,Daulton,gbelliveaumw@gnu.org,2015-05-22
826,operator,Arlee,Limming,cmonromx@hud.gov,1931-01-31
827,user,Bernarr,Eidelman,fhenrimy@uol.com.br,1933-12-25
828,manager,Joela,O'Codihie,mmaricmz@miitbeian.gov.cn,1947-12-18
829,user,Morton,O'Currane,apabeln0@miibeian.gov.cn,1969-10-24
830,user,Lil,Prantl,hstormn1@blog.com,1943-04-26
831,operator,Russell,Cannicott,ccluelown2@ucoz.com,2004-12-02
832,manager,Kimmy,Giveen,lmacdonelln3@delicious.com,1958-07-26
833,operator,Raimondo,Whatmough,jidiensn4@cmu.edu,1994-11-26
834,operator,Phaedra,Feaveryear,gbeamondn5@vinaora.com,1946-10-29
835,manager,Wenona,Skirvane,gleaken6@xing.com,1971-04-15
836,user,Stephanus,Brownsett,sbatthewn7@sitemeter.com,2004-04-26
837,operator,Shayna,Pappi,fgurgen8@seesaa.net,1942-01-20
838,manager,Marisa,Le Breton,phuxstepn9@etsy.com,1921-09-07
839,manager,Gordan,Myrick,smosleyna@free.fr,1966-05-01
840,operator,Paula,Tidball,lcrammynb@berkeley.edu,1979-02-17
841,manager,Panchito,Fowler,crawesnc@ning.com,1970-12-06
842,operator,Chelsae,Mongan,gcavilland@guardian.co.uk,2002-04-30
843,operator,Sayer,Regelous,rcrispinne@jalbum.net,1922-12-28
844,operator,Melissa,Tullis,ccoppensnf@craigslist.org,1982-04-16
845,operator,Leicester,Cullon,bmaccaughanng@wikispaces.com,1943-02-10
846,manager,Greer,Barkus,bfurnivalnh@posterous.com,1962-12-30
847,user,Sullivan,Tolussi,idobrovolskini@usatoday.com,1991-05-13
848,operator,Cordy,Fenelon,bperagonj@freewebs.com,2005-06-24
849,user,Nettle,Burkitt,lceliznk@yellowpages.com,1939-06-05
850,manager,Roxanne,Sumsion,cblanshardnl@hud.gov,1930-11-12
851,operator,Hoebart,Hatchett,rdudbridgenm@springer.com,2012-12-25
852,manager,Jacynth,Isoldi,abrownellnn@bluehost.com,1943-04-04
853,operator,Pris,Fairholme,hingleno@webeden.co.uk,1974-06-26
854,operator,Raf,Gadman,shighmannp@purevolume.com,1993-11-20
855,user,Felix,Perrot,cdullingnq@sbwire.com,1952-08-11
856,operator,Emmaline,Stokey,pmcsaulnr@state.gov,1936-10-21
857,manager,Titos,Frears,skarolyins@businessweek.com,2013-12-22
858,user,Shannen,Duggon,tyokelnt@seesaa.net,1971-06-10
859,manager,Gradey,Kyrkeman,gheinrichnu@technorati.com,2006-02-19
860,manager,Ralina,Rangeley,clinehamnv@ycombinator.com,1966-04-12
861,operator,Bernie,Brashier,ukeenw@hp.com,1954-10-21
862,manager,Chase,Whittenbury,pfazannx@ucla.edu,2011-09-21
863,operator,Cherish,Montel,mmargettny@meetup.com,1965-06-14
864,manager,Gaspar,Cashmore,cbassonz@smh.com.au,1985-05-31
865,user,Derward,Gothrup,ostayto0@washingtonpost.com,1959-04-16
866,manager,Ashbey,Cestard,raubino1@bravesites.com,1980-09-26
867,manager,Ogdan,Donnachie,eluckeso2@noaa.gov,1928-10-02
868,manager,Harold,McCandless,ccrocettoo3@alibaba.com,1921-12-09
869,user,Valle,Negri,ptichnero4@dion.ne.jp,1994-03-02
870,manager,Elset,Rushman,whunswortho5@aol.com,1954-04-18
871,user,Jacquette,Speir,rglassupo6@unblog.fr,1956-06-06
872,operator,Carlene,Philcox,cpatrieo7@de.vu,1920-06-20
873,operator,Leeanne,Morland,apocockeo8@bravesites.com,1997-04-03
874,user,Tisha,Glasebrook,dblowfeldeo9@washingtonpost.com,1959-01-24
875,operator,Carlynne,Hemeret,gwindrassoa@creativecommons.org,1968-11-07
876,manager,Oneida,Mewburn,sofergusob@sun.com,1991-06-05
877,user,Corrie,Gilyott,dgilpillanoc@cdc.gov,1928-12-13
878,operator,Kristal,Gammie,tflawnod@answers.com,1990-09-25
879,user,Henryetta,Caslane,ppinningtonoe@theglobeandmail.com,2001-02-17
880,operator,Audy,Dickman,mbylesof@infoseek.co.jp,1958-02-13
881,operator,Brigid,Bullan,kgrinhamog@patch.com,2015-04-27
882,user,Frankie,Roz,mendacottoh@woothemes.com,1989-06-13
883,manager,Theodora,Finnan,dwynettoi@pcworld.com,2014-05-29
884,user,Guss,Rait,sjuarezoj@japanpost.jp,1972-05-10
885,operator,Jemimah,Yantsurev,kvonsalzbergok@blog.com,1976-02-21
886,manager,Tod,Naris,etanslyol@spotify.com,1943-09-09
887,user,Seka,Cassedy,tprydeom@bigcartel.com,2007-01-10
888,user,Ashely,Brindley,rschneideron@instagram.com,1961-03-08
889,operator,Codie,Stut,amoyesoo@pcworld.com,1987-03-19
890,user,Dollie,Balser,lsloamop@desdev.cn,1973-03-01
891,user,Bondie,Moscrop,lfranktonoq@bloglovin.com,1989-12-16
892,user,Goraud,Couldwell,semptageor@yolasite.com,1949-09-23
893,user,Sibley,Grigorio,lscarlonos@umn.edu,1977-08-17
894,user,Corny,Durrance,agureryot@mayoclinic.com,2006-12-06
895,operator,Herman,Rumble,hmablesonou@wikipedia.org,1988-01-09
896,operator,Gianni,McGrory,llemarov@amazonaws.com,1944-05-05
897,operator,Abagael,Fibbit,wdobbinsow@jigsy.com,1934-01-13
898,operator,Ethe,Goatman,gyuryatinox@google.com.au,1953-10-21
899,operator,Fannie,Stainton - Skinn,hsolaoy@biglobe.ne.jp,1931-06-16
900,user,Toddy,Sumers,hwarwickoz@csmonitor.com,1949-02-03
901,manager,Conroy,Olfert,ereinerp0@meetup.com,1948-05-10
902,user,Jessi,Tulleth,gcastellanp1@forbes.com,1999-07-18
903,user,Consolata,Patry,sfiggp2@ucoz.ru,2003-03-15
904,manager,Anthiathia,Kitchingman,dsouthgatep3@virginia.edu,1973-12-09
905,user,Joleen,Widdowfield,afaircleyp4@webeden.co.uk,1970-05-06
906,operator,Joycelin,Wolland,ekinnachp5@vkontakte.ru,1959-10-12
907,manager,Roderigo,Treacher,mromainp6@github.com,2010-05-25
908,user,Elie,Haysey,sradenp7@drupal.org,1931-07-25
909,user,Ronnica,Robeson,cpirronep8@mapy.cz,1947-09-18
910,operator,Wildon,Quarless,ianfussop9@msn.com,2002-06-16
911,user,Josie,Klesse,kduforepa@ft.com,2001-08-09
912,user,Goraud,St Clair,gpottberrypb@go.com,1989-09-09
913,user,Dick,Thomazin,gmeininkingpc@purevolume.com,1948-07-26
914,manager,Livia,Dmitrienko,nfuncheonpd@issuu.com,1985-01-30
915,manager,Solomon,McLeman,sflecknope@ning.com,1920-12-24
916,manager,Abbe,Matterson,erobertsenpf@eventbrite.com,1955-05-05
917,operator,Tanitansy,Tapner,ispratleypg@hexun.com,1952-02-17
918,manager,Lainey,Backshaw,pcamseyph@msu.edu,2011-08-17
919,operator,Sunny,Isgar,krohlfspi@youku.com,2018-05-14
920,operator,Brynna,Cleere,spickeringpj@utexas.edu,1969-04-01
921,user,Sherline,Cansdill,rmacillrickpk@webs.com,1939-12-09
922,operator,Fancy,McKinnon,afooterpl@sogou.com,2006-08-03
923,operator,Terri,Reiglar,lhansberrypm@hostgator.com,2011-11-28
924,operator,Sindee,Sawdy,cmenelawspn@ibm.com,1946-04-06
925,user,Rollo,Zorn,fbleasdillepo@newyorker.com,2017-06-11
926,manager,Gonzalo,Simoneton,kaldinpp@shareasale.com,2004-05-29
927,operator,Nathan,Vernay,gwetherspq@joomla.org,1945-06-12
928,operator,Winona,McRae,cestablepr@oaic.gov.au,1987-08-22
929,user,Larisa,Cowope,acatlinps@woothemes.com,1973-03-04
930,manager,Cletus,Cansdale,lmacguffiept@zdnet.com,1969-03-03
931,operator,Pattin,O'Dea,dmarikhinpu@plala.or.jp,2001-12-30
932,operator,Joana,Jobke,tcollingpv@pbs.org,1924-09-12
933,operator,Julita,De Robertis,amilhenchpw@narod.ru,1976-01-09
934,manager,Dwain,Puve,bgalliepx@furl.net,1936-11-16
935,operator,Arlette,Molloy,ciddonspy@shareasale.com,1995-06-18
936,user,Fannie,Bissill,jsaddpz@creativecommons.org,1966-06-23
937,manager,Cammy,Collymore,lbalderstoneq0@examiner.com,1989-08-21
938,operator,Obadias,Jehu,hwrintmoreq1@webnode.com,2000-12-20
939,operator,Mandy,Very,bdumbeltonq2@issuu.com,1987-10-02
940,manager,Brantley,Jelly,alingfootq3@stanford.edu,2008-01-05
941,user,Felita,Aldington,lsugarq4@digg.com,1961-01-27
942,operator,Deane,Gisburne,csumnallq5@cisco.com,2003-09-18
943,operator,Babbette,Mulloch,qbeesleyq6@photobucket.com,2009-06-18
944,user,Isaiah,Dunbobbin,jcoltartq7@youku.com,1927-12-23
945,manager,Katie,Harman,kduckworthq8@networkadvertising.org,1947-10-30
946,user,Quintina,Jayes,kgoldingq9@google.nl,1999-01-18
947,manager,Fidela,Jephson,rwilmanqa@flickr.com,1921-12-01
948,user,Penelopa,Simak,whalpineqb@g.co,1949-08-23
949,manager,Ado,Howett,bdecruceqc@multiply.com,1925-06-05
950,manager,Fredric,Olliar,glezemoreqd@wsj.com,1955-03-11
951,manager,Faye,Wolfenden,dibbisonqe@baidu.com,1966-10-21
952,user,Cynthy,Millom,mpigotqf@dedecms.com,1972-06-18
953,user,Mufinella,Dener,nbelzqg@independent.co.uk,1984-05-11
954,operator,Kristien,Parnaby,jmatthessenqh@quantcast.com,1982-02-05
955,manager,Douglas,Pratte,ppreeneqi@vistaprint.com,1935-09-27
956,user,Sibylle,Cauley,achisholmeqj@shareasale.com,1938-02-16
957,manager,Willamina,Francescone,ematkinqk@netvibes.com,1958-10-07
958,operator,Sherwin,Randals,rlomasnaql@sina.com.cn,1937-06-23
959,user,Westley,Ruter,bgregorioqm@posterous.com,1959-08-26
960,manager,Vinny,Friese,kgallandqn@yelp.com,2016-09-25
961,operator,Xavier,Neno,bsteventonqo@discovery.com,2005-12-11
962,user,Si,Tschersich,dpallisterqp@godaddy.com,1980-09-05
963,operator,Deanna,Champley,fcrossanqq@earthlink.net,1922-12-06
964,user,Nana,Bill,egraingeqr@icio.us,1931-02-10
965,operator,Patric,Ligertwood,rdigglesqs@spotify.com,2012-10-21
966,user,Mikel,Frood,kgriniovqt@nymag.com,1992-10-11
967,operator,Berne,Jorat,cexelbyqu@angelfire.com,1995-02-07
968,operator,Andrea,Pechell,chaggethqv@behance.net,2010-05-12
969,user,Daniele,Tythacott,asnalomqw@hp.com,1933-03-11
970,operator,Rafaellle,Ladon,tcoultishqx@eepurl.com,1938-08-25
971,operator,Chevy,Casini,ablackmuirqy@scribd.com,1988-09-23
972,operator,Derby,Frensch,tnorcliffqz@yellowpages.com,1920-05-17
973,manager,Jesse,Golledge,dedworthyer0@earthlink.net,1982-02-13
974,manager,Nealy,Heindrich,atophamr1@dailymail.co.uk,1960-06-03
975,operator,Maxie,Proctor,eroddr2@timesonline.co.uk,1964-05-08
976,operator,Leticia,Chicchetto,fivyr3@bbb.org,2001-06-15
977,manager,Rickert,Densey,shobsonr4@rakuten.co.jp,1971-04-12
978,user,Merridie,Micklem,mriddichr5@howstuffworks.com,1966-09-25
979,operator,Helge,Jeal,djeffrayr6@abc.net.au,1965-03-25
980,user,Livvie,Nisco,lhakingr7@dailymail.co.uk,1954-06-05
981,manager,Andie,Coath,cvelr8@tumblr.com,1932-04-15
982,operator,Fifine,Litherland,cconrardr9@alibaba.com,1970-04-20
983,user,Elva,Matkin,efitzackerleyra@people.com.cn,1991-02-13
984,manager,Kerby,Hanks,cgiannassirb@washingtonpost.com,1936-02-05
985,manager,Beryle,Greneham,jparzizekrc@4shared.com,2009-04-13
986,operator,Yank,Ogan,cbroomerrd@huffingtonpost.com,1972-02-09
987,user,Leland,Imrie,cchrispre@va.gov,1993-08-28
988,user,Ilyse,Gannicott,aabrashkinrf@spiegel.de,1970-06-04
989,operator,Christal,Monksfield,rwastellrg@joomla.org,1961-11-11
990,manager,Melicent,Earwicker,ddedrickrh@pagesperso-orange.fr,1966-06-02
991,operator,Marve,Schouthede,tunworthri@ucoz.com,2006-05-11
992,operator,Reinhard,Kopman,ikiterj@goo.ne.jp,1966-02-27
993,operator,Ranice,Le Marchant,ccorrieark@apple.com,1956-02-13
994,user,Collete,Northidge,esaunterrl@webeden.co.uk,1921-04-15
995,manager,Anallise,Kienlein,lpentecostrm@blogger.com,1981-01-16
996,manager,Corny,Feathers,aibbetsonrn@amazon.co.jp,1961-10-03
997,user,Theresa,Towson,jragatro@angelfire.com,1935-03-12
998,manager,Janot,Schooley,rdunsleverp@cnn.com,1925-04-04
999,manager,Arlee,Springer,ebuntingrq@so-net.ne.jp,1981-05-03
1000,manager,Carlynn,Kun,mfarrellrr@washingtonpost.com,1981-06-30
